id,title,text,score,num_comments,created_utc
1joz2yl,AMA with Pedro - Founder @ WalletConnect,"Hi r/CryptoCurrency community, let's kickoff this AMA!

I'm Pedro, founder of [WalletConnect](https://walletconnect.network) and director of the WalletConnect Foundation. I've been building in crypto since 2017 and I've started WalletConnect back in 2018 to solve the user experience for wallets!

With the recent launch of the WCT token there has been a lot of great developments and progress decentralizing and growing the WalletConnect Network which continues to improve onchain UX.

Please share your questions below in this thread and I will do my best to answer as many questions as possible

Make sure to ask only questions relevant to WCT, WalletConnect Network, our ecosystem, tokenomics, WCT, our Foundation, decentralized governance, the WalletConnect roadmap, etc

PS - We already announced that WCT will be transferable this month, April 2025, so please do not repeat the same questions about transferability or listing.",27,36,1743522922.0
1jpavza,"Daily Crypto Discussion - April 2, 2025 (GMT+0)","**Welcome to the Daily Crypto Discussion thread. Please read the disclaimer and rules before participating.**
 
***
&nbsp;
    
###Disclaimer:

Consider all information posted here with several liberal heaps of salt, and always cross check any information you may read on this thread with known sources. Any trade information posted in this open thread may be highly misleading, and could be an attempt to manipulate new readers by known ""pump and dump (PnD) groups"" for their own profit. BEWARE of such practices and exercise utmost caution before acting on any trade tip mentioned here. 


**Please be careful about what information you share and the actions you take.** Do not share the amounts of your portfolios (why not just share percentage?). Do not share your private keys or wallet seed. Use strong, non-SMS 2FA if possible. Beware of scammers and be smart. Do not invest more than you can afford to lose, and do not fall for pyramid schemes, promises of unrealistic returns (get-rich-quick schemes), and other common scams.
    
***
&nbsp;
    
###Rules:

  - All [sub rules](https://www.reddit.com/r/CryptoCurrency/about/rules/) apply in this thread. The prior exemption for karma and age requirements is no longer in effect. 
  - Discussion topics must be related to cryptocurrency.
  - Behave with civility and politeness. Do not use offensive, racist or homophobic language.
  - Comments will be sorted by newest first.
  
***
&nbsp;

###Useful Links:

  - [**Beginner Resources**](https://www.reddit.com/r/CryptoCurrency/wiki/beginner_resources)

  - [**Intro to r/Cryptocurrency MOONs üåî**](https://www.reddit.com/r/CryptoCurrency/comments/gj96lb/introducing_rcryptocurrency_moons/)

  - [**MOONs Wiki Page**](https://www.reddit.com/r/CryptoCurrency/wiki/moons_wiki/)

  - [**r/CryptoCurrency Discord**](https://www.reddit.com/r/CryptoCurrency/comments/kth255/join_the_crypto_currency_discord/)

  - [**r/CryptoCurrencyMemes**](https://www.reddit.com/r/cryptocurrencymemes)

  - [**Prior Daily Discussions**](https://www.reddit.com/r/CryptoCurrency/search?q=title%3A%22Daily+Crypto+Discussion+-+%22+&restrict_sr=on&sort=new&t=all) - (Link fixed.)

  - [**r/CryptoCurrencyMeta**](https://www.reddit.com/r/CryptoCurrencyMeta/) - Join in on all meta discussions regarding r/CryptoCurrency whether it be moon distributions or governance.

***
&nbsp;

### Finding Other Discussion Threads

Follow a mod account below to be notified in your home feed when the latest r/CC discussion thread of your interest is posted.

* u/CryptoDaily- ‚Äî Posts the Daily Crypto Discussion threads. 

* u/CryptoSkeptics ‚Äî Posts the Monthly Skeptics Discussion threads.
 
* u/CryptoOptimists- ‚Äî Posts the Monthly Optimists Discussion threads.

* u/CryptoNewsUpdates ‚Äî Posts the Monthly News Summary threads.",14,266,1743552056.0
1jp56f1,"If Bitcoin becomes centralized to just a few American companies, then what's the point?","Like why would I want America to start a huge Bitcoin reserve? Or for Microstrategy and Blackrock to just keep buying more and more BTC?

I feel like the purpose of crypto is dying. I feel like crypto had potential to be the largest transfer of wealth between generations and classes of all time, but it's become just another playground for the ultra-wealthy. It's no different from any other asset none of us can afford. 

It's like when your mom finds out what a slang word means and then starts saying it too much and it stops being cool. ",394,285,1743537487.0
1joyanw,Binance is listing absolute garbage shitcoins just to farm fees ‚Äî and it‚Äôs time someone called them out.,"Let‚Äôs be real: These coins aren‚Äôt being listed for innovation. They‚Äôre being listed because someone paid for exposure. Marketing-first, utility-never. Binance doesn‚Äôt care if it‚Äôs trash. If the team pays, if the pump looks good, they‚Äôll list it. Doesn‚Äôt matter if it‚Äôs a rug waiting to happen,  Because they make money off every click, every trade, every fool who buys the top. It‚Äôs profit on both sides ‚Äî pump and dump. losers - Retail. Every time. This isn‚Äôt a listing strategy. 

It‚Äôs a monetization funnel. Trash in, hype out, liquidity in, users out. Binance has gotten too comfortable Too big. Too untouchable. They think no matter what they list, you‚Äôll still show up, Because they‚Äôre the biggest. Sometimes, a monopoly needs to be shaken. **Sometimes the top exchange needs to be threatened. So they stop acting like a casino with bannersand start acting like they give a damn.** Binance needs to be reminded: **Users built you. Users can leave.** But only if we stop treating shitcoin listings like normal.

https://preview.redd.it/jv11si9oq8se1.png?width=461&format=png&auto=webp&s=1e13ba9f4dff46a5852a86f9b7c7bc0971065a3a

  
",325,143,1743521014.0
1jpkgsu,"Just wanna know your takes on On-Chain revolution in finance, guys.","Traditional finance has long been characterized by a combination of inefficiencies, intermediaries, and centralization. Despite DeFi's expansion, we continue to deal with disjointed ecosystems, exorbitant fees, and platforms that fall short of offering genuine cross-chain accessibility. 

But what if a change is about to occur?  Imagine a system where traders don't have to worry about centralized risks or off-chain dependencies since asset management, brokerage, and liquidity all work together smoothly across blockchains.  

Everything is starting to fit together.  In order to make finance truly decentralized, more initiatives are attempting to close these gaps.  Although it won't happen right away, it's obvious that infrastructure, efficiency, and interoperability will be key components of the next wave of DeFi, rather than merely staking and farming.

The real question is, will you be prepared for this transition when it occurs?  I'd love to get your ideas on what the largest hurdle to DeFi is right now.
",4,4,1743586017.0
1jpjjm8,DEX Token Price Falls - CryptoPulse Q1 2025 Performance Review of Major Exchange Coins/Tokens,"**CEXs**

* **GT (Gate.io):** Up **32.9%** üöÄ - Absolute champ this quarter!
* **LEO (Bitfinex):** Up **9.7%** \- Steady gains, no drama.
* **WBT (WhiteBIT):** Up **13.8%** \- Solid flex.
* **KCS (KuCoin):** Up **0.8%** \- Barely hanging in the green, but we‚Äôll take it.
* **OKB (OKX):** Down **3.6%** üîª - Meh, not terrible.
* **BNB (Binance):** Down **4.9%** üîª - Wait, BNB dipped? 
* **BGB (Bitget):** Down **23.1%** üîª - Ouch, rough quarter.
* **CRO (Crypto.com):** Down **29.9%** üîª - Yikes, what happened here?

**DEXs**   
  
**Gainers and Losers:**

* **XLM (Stellar):** Down **36.6%** üîª - Not stellar this time.
* **CAKE (PancakeSwap):** Down **29.8%** üîª - Pancakes got flipped upside down.
* **JUP (Jupiter):** Down **56.2%** üîª - Jupiter crashed harder than a meteor.
* **UNI (Uniswap):** Down **57.2%** üîª - Even the king of DEXs took a beating.
* **OSMO (Osmosis):** Down **43.1%** üîª - Osmosis? More like os-no-sis.
* **GNO (Gnosis):** Down **57.2%** üîª - Gnosis holders are not knowing profits rn.
* **RUNE (Thorchain):** Down **75.9%** üîª - Rune in ruins
* **1INCH (1inch Network):** Down **52.7%** üîª - Not even an inch of gains.
* **SUSHI (SushiSwap):** Down **60.4%** üîª - Sushi‚Äôs off the menu.
* **LRC (Loopring):** Down **53.9%** üîª - Looping into the red.

Numbers as of April 1, 2025 - 14:00 UTC

  


**GT (Gate.io)** emerged as the standout performer, surging 32.9% and proving its resilience in a tough market. 

https://preview.redd.it/1gs8q6vtqdse1.png?width=800&format=png&auto=webp&s=f8641358a554db9f1c2fef7d5e17f1ade9df0cfb

**WBT (WhiteBIT)** climbed 13.8%, rising from $24.6 to $28, while **LEO (Bitfinex)** gained a steady 9.7%. 

https://preview.redd.it/1lsvjfdeqdse1.png?width=1080&format=png&auto=webp&s=31c3325f626586ae79097757e2698888518c4f2c

  
**KCS (KuCoin)** eked out a modest 0.8% uptick, barely staying in the green. On the downside, **CRO (Crypto.com)** and **BGB (Bitget)** took heavy hits, dropping 29.9% and 23.1%, respectively. Even the mighty **BNB (Binance)** couldn‚Äôt escape the slump, shedding 4.9%‚Äîa surprising dip given its massive user base.

  


The DEX space was a bloodbath, with no tokens posting gains. **RUNE (Thorchain)** suffered the steepest fall, plummeting 75.9%, followed by **SUSHI (SushiSwap)** at 60.4% and **UNI (Uniswap)** and **GNO (Gnosis)** both down 57.2%. **XLM (Stellar)** and **CAKE (PancakeSwap)** held up slightly better but still lost 36.6% and 29.8%, respectively. These brutal declines signal potential cracks in community confidence, especially as bullish sentiment failed to materialize.

**Key Takeaway:** CEX tokens showed mixed results, with GT and WBT leading the charge, but the broader market leaned bearish. DEX tokens, meanwhile, got hammered across the board, highlighting a stark contrast in performance. Is this a temporary dip or a sign of deeper troubles ahead? Q2 will tell

https://preview.redd.it/8pky67anrdse1.png?width=1718&format=png&auto=webp&s=fba1657ab2bd06f4afaeb62bf423425639cefc49

",0,1,1743581745.0
1jpfug4,Places to buy Crypto with Prepaid Debit card (Visa) in USA,"I recently received a $100 visa prepaid debit card and I'm wondering where I can use it to buy some crypto. I've tried MoonPay and other similar websites but they don't work. Is there an exchange that allows me to use them or nah? I don't really care what crypto I buy (as long as it's not some random sht coin) I just really need to get this on-ramped to crypto. 

Also, I don't want to use P2P sites cause the fees are too expensive. I'm looking for an option that is almost instant and very fast on-ramp.

Also, I'm in the US. ",3,0,1743566478.0
1jozz6u,"Whenever I open Browser, Metamask opens in new tab with fishy URL","

Whenever I open Browser, Metamask opens in new tab with fishy URL. Is this legitimate? Recently only, I've been encountering this issue. I almost entered my Metamask wallet password but thankfully noticed the URL. Why is this happening? Is it a phishing attempt or something else? How can I disable this behavior to prevent it from happening again? I checked my extensions, nothing fishy is there.



It is really scary. I did not downloaded anything. Please help. I have attached screenshot for the same.  

https://preview.redd.it/4wf4f92f19se1.png?width=1920&format=png&auto=webp&s=8729ac46b7cfe030a33bd10ec412d66065d76dc7

",10,12,1743525064.0
1jpbvgt,Scam or no?,"Scam?

Is the Delta mining app a scam out of Africa?  I got a message request. So I look at it and they were suggesting that I consider Delta since I mine PI. They linked the white paper that I did not read but scanned over a bit of the website. Looked OK so I look for a link to download. It only has a an apk download for android and says app store for Apple.

So I go ask Google about it and not much worth looking at comes up. So I go to the play store and it's not there and I figured come ask the community that lively knows the answer. ",1,8,1743554912.0
1jpdh2l,Advice for Implementing a Decentralized Posting Platform,"Hi everyone,

I've been exploring an idea for a decentralized platform focused on decentralized information sharing, categorized by country (using the 195 countries as categories). The core concept is similar to Bitcoin's ledger idea, but instead of financial transactions, users post information snippets (publicly or privately) within a specific country's ""channel"". The idea is that it would completely be decentralized, meaning no government can manipulate the information present within the seed that was generated. I am trying to decide whether I should make it Proof of Work or Proof of stake. This way, information that was shared would 100% be ensured that it has not been tampered with.

Another idea is that instead of just focusing on decentralized information sharing within countries, we can extend this so that we get decentralized reddit, where every subreddit would also (in this context, become decentralized). However, this is one of the best ways to ensure that information can not be manipulated (whether it is by a reddit moderator or someone else). It is very simple, but if it succeeds it can be quite effective, because we can open source it, and people would implement an even better version of having a real 'decentralized reddit where information can not be controlled by outside sources, especially ones that abuse their authority for the purpose of misinformation''.

So if anyone of you have any thoughts you would like to share, would appreciate some advice on the different frameworks and sources in implementing this mini-side project.",1,1,1743559629.0
1jp80lm,Solid crypto community?,"Looking for a solid crypto community‚Ä¶ Just a group of folks who are passionate/interested and knowledgeable/teachable within the altcoin market especially. The issue I keep running into is with all of these discord servers it‚Äôs one of two things:

-poorly maintained, has just become a typical chat group posting memes with a few bots talking about xrp 
-a group that has evolved into a platform to sell memberships or guru guides for buy/sell signals
(Which hell, I wouldn‚Äôt mind if I knew they‚Äôd work)

I follow some profiles on X/twitter, and I think I have weeded out some of the noise on there, but some recommendations for legit accounts would be nice. 

Reddit ends up being better than discord because of these aforementioned issues, and x, despite being minute-to-minute is so cluttered with BS it can be tricky to navigate through.

So yeh, any good recommendations for communities of mostly real people on X, Discord, Reddit, etc?
(Asking specifically about alt coins, though crypto in general, technical analysis, market analysis, stocks, forex, etc would also be appreciated)
",1,13,1743544454.0
1jpj727,I built a profitable API bot that doesn‚Äôt use stop-loss ‚Äî everything is logic-based. Open to feedback,"Waking up to Telegram TP hits feels better than caffeine ‚Äî built a bot that trades while I sleep. built this python bot, because I was tired of getting wicked out by stop-losses in volatile markets.

I didn‚Äôt want another EMA crossover or RSI 30/70 script. I needed something smarter ‚Äî a system that reacts based on structure, not prediction. So I built a ladder-based bot that manages entries and exits without using stop-loss at all. Instead, it uses adaptive take-profits and reacts to market conditions using config-based logic.

Here‚Äôs what it does 

No stop-loss ‚Äî risk is managed through take-profit scaling and size control

You can choose between:

 partial ladder mode (each TP calculated per rung)

 full ladder mode (single TP for the whole position)

 hybrid mode (auto flips LONG/SHORT based on RSI & EMA)

Dynamically adjusts TP of existing rungs when new ones are added

 it always updates the most distant ladder ‚Äî keeps the structure tight

Smart TP scaling:

So large new orders drag older TP targets into more realistic zones

 Everything is configurable (from config.json):

Trading symbol, timeframe, leverage

RSI logic (length, OB/OS, reset levels)

TP percentage

Ladder scaling factor (exponential or fixed size)

Whether to use drop-ladder adding on price dips

Minimum ladders before scaling triggers

EMA filter: restricts trades based on trend direction

And you can even choose whether TPs use WAP or simple entry prices



How it behaves in practice:

Runs off Binance WebSocket ‚Äî reacts live to price

When you open a new ladder, the bot updates existing TP targets if needed

If the position closes or partial TPs hit, it resets the scaling logic

It tracks and updates the last rungs with biggest distance from price

Old ladders don't just sit there forgotten ‚Äî the bot keeps pulling them into play dynamically

Telegram notifications are integrated for every major event (TP hits, resets, new entries)

I‚Äôve tested this in both low-volatility, trend market and fast-swing markets.

It doesn‚Äôt ‚Äúguess‚Äù direction ‚Äî it builds and adjusts. No emotions. No SL. Just logic.

If you're into ladder bots, scalping systems, or reactive trading mechanics ‚Äî this setup might give you a few ideas.

  
And honestly? I‚Äôm proud of it. There‚Äôs something weirdly satisfying about seeing those Telegram pings while you‚Äôre asleep ‚Äî our bots working like bees, closing TP after TP while you do absolutely nothing No panic, no charts, no rush ‚Äî just logic, structure, and that clean little ‚Äúclick‚Äù sound from Telegram that says: ""**Yeah. We got another one.""**

If you‚Äôre working on something similar or want to see how the TP dragging works in detail, feel free to hit me up.



https://preview.redd.it/llh41a4qmdse1.png?width=740&format=png&auto=webp&s=d51ed265c44902c81aa84ce51cf7268917bbb8dc

https://preview.redd.it/2xfbz94qmdse1.png?width=770&format=png&auto=webp&s=bcfa8aa69bd746fd73491eed807ff7e18b3735a0

https://preview.redd.it/tqjska4qmdse1.png?width=784&format=png&auto=webp&s=d83ecc09ec7212ba0b5546c2e54e7c5f7353a4bc

https://preview.redd.it/sfakdbetmdse1.png?width=724&format=png&auto=webp&s=fb3acb37cf52abddc53ed1660227a197005bb604

",0,6,1743580141.0
